Id,Label,extime_copy,group,folder
8,EDParamsReadLocal(),0,1,
19,AccumulateFluxes_ED(),0,1,
20,calc_anaerobic_frac(),0,1,
28,odefun(),0,1,
29,read_data_if_needed_interface(),0,1,
36,CNEcosystemDynBetrVeg(),0,1,
48,check_weights(),0,1,
55,carbonstate_vars%Summary(),0,1,
56,phosphorusstate_vars%Summary(),0,1,
57,SOEBasePostStepDT(),0,1,
59,interp_1d_double(),0,1,
64,RichardsODEPressureNumCellsInConditions(),0,1,
67,htape_timeconst3D(),0,1,
68,SNESGetTolerances(),0,1,
77,pio_initdecomp(),0,1,
88,MatRestoreLocalSubMatrix(),0,1,
93,diagnose_gas_pressure(),0,1,
102,update_bgc_state_decomp(),0,1,
113,Reset(),0,1,
119,PStateUpdate3(),0,1,
140,seed_decay(),0,1,
141,retrieve_state_vars(),0,1,
145,set_boundary_conditions(),0,1,
152,mpi_barrier(),0,1,
155,megan_factors_get(),0,1,
156,calc_dtrend_som_bgc(),0,1,
164,CombineSnowLayers(),0,1,
165,VSFMSOEGetDataForCLM(),0,1,
166,update_bgc_flux_decomp_cascade(),0,1,
167,PLeaching(),0,1,
168,cur_goveq%UpdateAuxVarsBC(),0,1,
172,ncd_io_1d_int(),0,1,
176,gather_data_to_master(),0,1,
179,pflotranModelUpdateAqConcFromCLM(),0,1,
197,SOEBaseSetPointerToIthGovEqn(),0,1,
201,opnfil(),0,1,
204,photosyns_vars%TimeStepInit(),0,1,
215,carbonflux_vars%Summary(),0,1,
226,set_nextsw_cday(),0,1,
232,ecacomplex_v1e(),0,1,
234,l2g_1d(),0,1,
239,GoveqnBasePrintInfo(),0,1,
243,SetMatrix_SoilNonUrban(),0,1,
245,CNvariables_nan4pf(),0,1,
246,SoilWater(),0,1,
249,hist_do_disp(),0,1,
261,readParams(),0,1,
271,mct_gsMap_init(),0,1,
279,setFiltersOneGroup(),0,1,
285,create_patch(),0,1,
291,CNOnsetGrowth(),0,1,
293,set_timemgr_init(),0,1,
301,initVertical(),0,1,
303,ncd_getatt_char(),0,1,
310,aerosol_vars%restart(),0,1,
316,cur_goveqn%SetDtime(),0,1,
319,surfrd_veg_all(),0,1,
320,SetRHSVec_SoilUrbanRoad(),0,1,
325,nitrogenflux_vars%ZeroDWT(),0,1,
336,restartvar_1d_int(),0,1,
338,CIsoFluxCalc(),0,1,
340,dynHarvest_init(),0,1,
341,UpdateAccVars(),0,1,
342,pflotran_run_onestep(),0,1,
344,lnd_run_mct(),0,1,
358,fire_danger_index(),0,1,
371,endrun_globalindex(),0,1,
377,ncd_io_2d_double_glob(),0,1,
378,initSoilParVIC(),0,1,
379,p2l_1d(),0,1,
383,read_variable_2d(),0,1,
400,readCNPhenolParams(),0,1,
408,PhaseChangeH2osfc(),0,1,
414,VSFMSPostStepDT(),0,1,
416,SetMatrix_Soil_SnowUrbanRoad(),0,1,
419,VecRestoreArrayF90(),0,1,
421,terminate_cohorts(),0,1,
424,CNCropHarvestPftToColumn(),0,1,
434,restartvar_0d_int(),0,1,
438,net_longwave(),0,1,
440,temperature_vars%init(),0,1,
444,p2c_2d_filter(),0,1,
448,SOEBasePreSolve(),0,1,
449,pflotran_not_available(),0,1,
452,Combo(),0,1,
456,update_glc2lnd(),0,1,
458,SNESGetConvergedReason(),0,1,
478,ncd_defvar_bynf(),0,1,
485,clm_drv(),0,1,
488,pflotranModelUpdateAqGasesfromCLM(),0,1,
490,RichardsODEPressureUpdateAuxVarsBC(),0,1,
491,AerosolMasses(),0,1,
493,col%clean(),0,1,
496,RichardsODEJac(),0,1,
498,c14_carbonflux_vars%SetValues(),0,1,
504,BalanceCheck(),0,1,
505,ch4conrd(),0,1,
506,mct_aVect_importRattr(),0,1,
507,vsfm_mpp%sysofeqns%PreSolve(),0,1,
511,lnd_domain_mct(),0,1,
513,get_clm_iceadj_porosity(),0,1,
516,hybrid(),0,1,
520,swap(),0,1,
524,SOEComputeRHS(),0,1,
525,get_clm_bgc_conc(),0,1,
527,Temporal_average(),0,1,
530,ComputeHeatDiffFluxAndFactor(),0,1,
539,Tridiagonal_mr(),0,1,
544,lnd2atm_vars%Init(),0,1,
547,readMonthlyVegetation(),0,1,
548,pedotransf(),0,1,
553,betr_tracer_mass_summary(),0,1,
554,Restart(),0,1,
555,pflotranModelGetRTspecies(),0,1,
564,prior_weights%set_prior_weights(),0,1,
574,RichardsODEPressurePreSolve(),0,1,
587,Light(),0,1,
592,GoveqnBaseResidual(),0,1,
593,mpi_comm_rank(),0,1,
595,carbonflux_vars%summary_cflux_for_ch4(),0,1,
597,lnd_domain_esmf(),0,1,
605,crown_damage(),0,1,
610,bgcstate_ext_update_afdecomp(),0,1,
615,carbonflux_vars%SetValues(),0,1,
616,get_clmlevel_gsmap(),0,1,
625,betr_alm_flux_statevar_feedback_interface(),0,1,
642,CNMResp(),0,1,
645,readCNGapMortParams(),0,1,
649,ncd_io_3d_double_glob(),0,1,
651,interp_1d_int(),0,1,
661,SetMatrix_Snow_SoilUrbanRoad(),0,1,
662,CNEcosystemDynBetrSummary(),0,1,
676,hfields_1dinfo(),0,1,
677,SOEBaseResidual(),0,1,
679,ncd_io_2d_int(),0,1,
681,SurfaceAlbedoInitTimeConst(),0,1,
684,PetscInitialize(),0,1,
688,dgvs_vars%UpdateCNDVAccVars(),0,1,
695,betrtracer_vars%init_scalars(),0,1,
703,this%aux_vars_ss(),0,1,
712,InitAccVars(),0,1,
713,charecteristics_of_fuel(),0,1,
718,c2g(),0,1,
720,allocate_ed_datastructure(),0,1,
721,ground_fuel_consumption(),0,1,
723,unittest_subgrid_teardown(),0,1,
726,cumsum_v(),0,1,
730,bgc_reaction%init_boundary_condition_type(),0,1,
734,update_bgc_data_clm2clm(),0,1,
751,SoilThermProp(),0,1,
754,col%Init(),0,1,
755,init_cohorts(),0,1,
758,disturbance_rates(),0,1,
764,Diffustransp_solid_tridiag(),0,1,
772,DensityConstant(),0,1,
775,timemgr_init(),0,1,
778,calc_som_deacyK(),0,1,
779,htape_timeconst(),0,1,
780,UpdateCNDVAccVars(),0,1,
781,get_proc_global(),0,1,
783,BeginNBalance(),0,1,
788,CNRootDyn(),0,1,
793,clm_pf_run(),0,1,
796,RichODEPressureAuxVarSetValue(),0,1,
797,calc_interface_conductance(),0,1,
806,RichardsODEPressureJacOffDiag_BC(),0,1,
809,RichardsODEPressureAllocateAuxVars(),0,1,
812,advance_timestep(),0,1,
816,tracerflux_vars%Reset(),0,1,
817,SoilFluxes(),0,1,
820,fuse_patches(),0,1,
822,pflotranModelSetSoilProp(),0,1,
823,pft%Init(),0,1,
826,assign_minnitrogen_hydroloss(),0,1,
831,htape_add_ltype_metadata(),0,1,
838,clm_drv_patch2col(),0,1,
843,subgridRest_check_consistency(),0,1,
845,CreateFromCLMCols(),0,1,
849,check_dim(),0,1,
850,esmfshr_util_StateArrayDestroy(),0,1,
869,get_prev_date(),0,1,
874,this%sysofeqns%Setup(),0,1,
876,t_stopf(),0,1,
877,nan_cohort(),0,1,
893,ESMF_TimeIntervalSet(),0,1,
894,pflotranModelSetupMappingfiles(),0,1,
898,move_alloc(),0,1,
900,lnd_setgsmap_mct(),0,1,
906,array_normalization_2d_filter(),0,1,
907,lnd_register_esmf(),0,1,
914,SetMatrix_StandingSurfaceWater_Soil(),0,1,
918,atm2lnd_vars%Init(),0,1,
923,ncd_pio_createfile(),0,1,
927,this%read_variable(),0,1,
929,unittest_subgrid_setup_end(),0,1,
931,update_bgc_flux_decomp_sourcesink(),0,1,
932,ncd_defdim(),0,1,
936,update_accum_field_ml(),0,1,
937,NStateUpdate3(),0,1,
942,CanopyHydrology_readnl(),0,1,
954,SetMatrix_SnowUrban(),0,1,
956,assign_nitrogen_hydroloss(),0,1,
958,initGridcells(),0,1,
974,shr_file_freeUnit(),0,1,
977,get_clm_soil_th(),0,1,
982,CNEcosystemDynLeaching(),0,1,
986,EDpft%Init(),0,1,
990,WaterTable(),0,1,
995,nitrogenstate_vars%nbuffer_update(),0,1,
999,mpi_allreduce(),0,1,
1004,CNDecompAlloc(),0,1,
1008,SetRHSVec_Snow(),0,1,
1012,set_prior_weights(),0,1,
1017,carbonstate_vars%Init(),0,1,
1027,SOEBaseIJacobian(),0,1,
1032,CNLivewoodTurnover(),0,1,
1033,this%check_glc2lnd_icemask(),0,1,
1036,MMPBaseClean(),0,1,
1038,begin_betr_tracer_massbalance(),0,1,
1047,SatFunc_PcToRelPerm_BC(),0,1,
1057,dynCNDV_init(),0,1,
1061,aerosol_vars%restart:(),0,1,
1063,VecGetArrayReadF90(),0,1,
1068,VecRestoreArrayReadF90(),0,1,
1071,restFile_dimset(),0,1,
1078,readCNDecompCnParams(),0,1,
1082,get_zwt(),0,1,
1084,SatFunc_Copy(),0,1,
1089,canopystate_vars%init(),0,1,
1091,set_landunit_veg_compete(),0,1,
1120,pflotran_finalize(),0,1,
1136,mct_gGrid_importRAttr(),0,1,
1137,'CNDecompAlloc2'(),0,1,
1138,DMSetFromOptions(),0,1,
1140,readSharedParameters(),0,1,
1145,canopy_structure(),0,1,
1147,check_dim_subgrid(),0,1,
1149,vsfm_mpp%sysofeqns%PostSolve(),0,1,
1150,htape_addfld(),0,1,
1153,LakeHydrology(),0,1,
1158,SNESSetTolerances(),0,1,
1159,SNESSolve(),0,1,
1160,clm_cpl_indices_set(),0,1,
1162,SetMatrix_SnowNonUrban(),0,1,
1171,t_barrierf(),0,1,
1174,vocemis_vars%Init(),0,1,
1178,BareGroundFluxes(),0,1,
1182,CStateUpdate2h(),0,1,
1187,photosyns_vars%NewPatchinit(),0,1,
1198,create_cohort(),0,1,
1199,surfrd_special(),0,1,
1200,ESMF_ClockGet(),0,1,
1207,vsfm_soe%PreSolve(),0,1,
1212,ecacomplex_cell_norm(),0,1,
1220,readCNAllocBetrParams(),0,1,
1223,ESMF_ClockAdvance(),0,1,
1227,init_clock(),0,1,
1229,c14_carbonflux_vars%Init(),0,1,
1230,c13_carbonstate_vars%restart(),0,1,
1239,surfrd_get_globmask(),0,1,
1242,readNcdioArray2d(),0,1,
1246,dynSubgrid_init(),0,1,
1247,Trisim(),0,1,
1251,ISDestroy(),0,1,
1254,sort_cohorts(),0,1,
1258,c14_carbonflux_vars%Summary(),0,1,
1260,VSFMSOEPreSolve(),0,1,
1261,CNCropHarvestPools(),0,1,
1269,vsfm_soe%aux_vars_bc(),0,1,
1271,daxpy(),0,1,
1275,calc_nutrient_compet_rescal(),0,1,
1276,CNCIsoGapPftToColumn(),0,1,
1278,dynHarvest_file%time_info%set_current_year_get_year(),0,1,
1279,check_dim_level(),0,1,
1280,ncd_io_char_var0_start_glob(),0,1,
1282,initialize_new_columns(),0,1,
1283,SnowOptics_init(),0,1,
1289,CStateUpdate2(),0,1,
1306,SOEJacobian(),0,1,
1308,do_tracer_gw_diffusion(),0,1,
1313,ncd_io_1d_logical(),0,1,
1317,RichardsODEPressureAccum(),0,1,
1323,SNESSetJacobian(),0,1,
1327,linear_interp(),0,1,
1328,SatFunc_PcToRelPerm_VG(),0,1,
1330,assign_A2B(),0,1,
1335,bgcstate_ext_update_bfdecomp(),0,1,
1337,ludcmp(),0,1,
1338,wind_effect(),0,1,
1342,energyflux_vars%restart(),0,1,
1343,memmon_dump_fort(),0,1,
1346,betrtracer_vars%Init(),0,1,
1353,initCLMVICMap(),0,1,
1357,phosphorusflux_vars%Restart(),0,1,
1361,hfields_zero(),0,1,
1363,waterflux_vars%init(),0,1,
1364,NBalanceCheck(),0,1,
1366,alt_calc(),0,1,
1368,mct_gGrid_importRattr(),0,1,
1371,SurfaceAlbedo(),0,1,
1374,DensityTGDPB01(),0,1,
1378,masterlist_change_timeavg(),0,1,
1382,edmodel(),0,1,
1386,set_cohort_decomp(),0,1,
1403,InitHistory(),0,1,
1404,set_perchroot_opt(),0,1,
1412,set_gwdif_Rfactor(),0,1,
1416,p2l_2d(),0,1,
1417,ch4_annualupdate(),0,1,
1421,get_clm_bcwflx(),0,1,
1423,reset_read_times(),0,1,
1426,set_active(),0,1,
1440,getdatetime(),0,1,
1444,ESMF_AttributeAdd(),0,1,
1448,clm_bgc_run(),0,1,
1450,CNFireFluxes(),0,1,
1451,seq_timemgr_EClockGetData(),0,1,
1454,VSFMSOEBasePrintInfo(),0,1,
1459,pd_decomp(),0,1,
1463,solarabs_vars%Init(),0,1,
1468,do_tracer_equilibration(),0,1,
1469,CNAnnualUpdate(),0,1,
1470,VSFMSOEPostSolve(),0,1,
1478,NSummary_interface(),0,1,
1485,get_tscal(),0,1,
1489,phosphorusflux_vars%Summary(),0,1,
1493,phosphorusstate_vars%Init(),0,1,
1497,Drainage(),0,1,
1499,phenology(),0,1,
1509,clm_varctl_set(),0,1,
1512,SetRHSVec_SnowUrbanRoad(),0,1,
1513,PStateUpdate2(),0,1,
1514,init_rootprof(),0,1,
1515,RichardsODEJacOffDiag(),0,1,
1520,seeds_in(),0,1,
1523,shr_sys_getenv(),0,1,
1529,mct_aVect_gather(),0,1,
1538,this%convertCohortListToVector(),0,1,
1543,init_boundary_condition_type(),0,1,
1545,assign_sminn_pools(),0,1,
1550,top_ws%Init(),0,1,
1552,lai_interp(),0,1,
1553,check_glc2lnd_icemask(),0,1,
1555,GoveqnBaseUpdateAuxVarsBC(),0,1,
1563,get_ref_date(),0,1,
1565,init_decomp_cascade_constants(),0,1,
1566,mbbks(),0,1,
1567,crown_scorching(),0,1,
1576,pio_read_darray(),0,1,
1578,TwoStream(),0,1,
1587,lnd_import(),0,1,
1588,print_accum_fields(),0,1,
1591,SetMatrix_Snow_Soil(),0,1,
1594,waterflux_vars%Reset(),0,1,
1606,lakestate_vars%Init(),0,1,
1610,ndep_interp(),0,1,
1613,SatFunc_PressToSat(),0,1,
1617,betr_annualupdate(),0,1,
1620,readCentDecompBgcParams(),0,1,
1622,SOEBaseStepDT(),0,1,
1623,cur_goveq%SetDataInSOEAuxVar(),0,1,
1624,carbonflux_vars%restart(),0,1,
1626,DMDASetFieldName(),0,1,
1630,mpi_allgather(),0,1,
1631,DMCompositeGetNumberDM(),0,1,
1638,DMCreateGlobalVector(),0,1,
1658,ED_Norman_Radiation(),0,1,
1663,this%printIoInfoLL(),0,1,
1685,SnowAge_init(),0,1,
1693,unittest_add_column(),0,1,
1697,init_pedof(),0,1,
1699,CropRestIncYear(),0,1,
1700,get_timemgr_defaults(),0,1,
1705,HydrologyDrainage(),0,1,
1707,init_top_ws(),0,1,
1714,this%printDataInfoVector(),0,1,
1715,area_burnt(),0,1,
1721,InitDustVars(),0,1,
1722,array_div_vector_filter(),0,1,
1729,SetMatrix_SoilUrban(),0,1,
1730,timemgr_print(),0,1,
1736,extract_accum_field(),0,1,
1737,createPatchCohortStructure(),0,1,
1738,PhotosynthesisTotal(),0,1,
1739,SatFunc_PcToSat_SBC(),0,1,
1744,landunit_varcon_init(),0,1,
1757,hdm_init(),0,1,
1773,DMSetUp(),0,1,
1775,get_current_data_2d(),0,1,
1785,shr_sys_flush(),0,1,
1786,SNESGetLinearSolveIterations(),0,1,
1789,ESMF_Finalize(),0,1,
1797,pre_diagnose_soilcol_water_flux(),0,1,
1798,calc_plant_nitrogen_demand(),0,1,
1800,CNNLeaching(),0,1,
1804,net_solar(),0,1,
1810,update_bgc_flux_smin(),0,1,
1814,SetRHSVec_Soil(),0,1,
1819,this%update_glc2lnd_dyn_runoff_routing(),0,1,
1820,update_accum_field(),0,1,
1823,NStateUpdate2h(),0,1,
1825,ncd_getatt(),0,1,
1830,CNFireInterp(),0,1,
1833,bgc_reaction%initCold(),0,1,
1835,CropPhenologyInit(),0,1,
1839,grc%clean(),0,1,
1846,GoveqnBaseDeallocVarsFromOtherGEs(),0,1,
1847,interp_0d_copy(),0,1,
1848,get_clump_bounds(),0,1,
1849,ch4_prod(),0,1,
1862,readParams_interface(),0,1,
1866,shr_strdata_print(),0,1,
1870,calc_volumetric_h2oliq(),0,1,
1873,RichardsODEPressureUpdateAuxVarsIntrn(),0,1,
1884,unittest_subgrid_setup_start(),0,1,
1892,harvest_vars(),0,1,
1894,terminate_patches(),0,1,
1899,carbonflux_vars%summary_rr(),0,1,
1903,PStateUpdate2h(),0,1,
1906,SetRHSVec_SnowUrbanNonRoad(),0,1,
1908,lnd_final_esmf(),0,1,
1910,Growth_Derivatives(),0,1,
1911,megan_factors_init(),0,1,
1917,get_clump_bounds_new(),0,1,
1920,PorosityFunctionSetConstantModel(),0,1,
1940,calc_rhovap(),0,1,
1944,SnowAlbedo(),0,1,
1945,cumdif(),0,1,
1946,SNESCreate(),0,1,
1949,restartvar_2d_double_bounds(),0,1,
1950,this%porParams%Copy(),0,1,
1955,GoveqnBaseComputeOperators(),0,1,
1958,decompInit_glcp(),0,1,
1961,this%aux_vars_bc(),0,1,
1964,C14_init_BombSpike(),0,1,
1965,VecGetArrayF90(),0,1,
1971,initialize_arrays(),0,1,
1977,nitrif_denitrif(),0,1,
1978,mpi_bcast(),0,1,
1983,SOEBaseSetDataFromCLM(),0,1,
1985,masterlist_make_active(),0,1,
1987,PSummary_interface(),0,1,
1998,lnfm_init(),0,1,
1999,ch4(),0,1,
2005,crop_vars%initAccVars(),0,1,
2010,CSummary_interface(),0,1,
2013,SetMatrix_Soil_StandingSurfaceWater(),0,1,
2014,ncd_io_1d_text_glob(),0,1,
2016,depvel_compute(),0,1,
2022,RichardsFlux(),0,1,
2027,calc_aqueous_diffusion_soil_tortuosity(),0,1,
2029,clm_ed_link(),0,1,
2031,this%read_data_if_needed(),0,1,
2032,init_accum_field(),0,1,
2038,p2g_2d(),0,1,
2040,mct_gGrid_importIAttr(),0,1,
2042,SetMatrix_Soil_SnowNonUrban(),0,1,
2048,frictionvel_vars%Init(),0,1,
2051,swap_i(),0,1,
2067,get_clock(),0,1,
2071,set_mindist(),0,1,
2072,SnowWater(),0,1,
2073,pflotranModelSetInternalTHStatesfromCLM(),0,1,
2076,ode_rk4(),0,1,
2091,carbonstate_vars%ZeroDWT(),0,1,
2096,SetRHSVec_SoilUrban(),0,1,
2103,build_normalization(),0,1,
2118,SNESSetFromOptions(),0,1,
2129,set_pct_glc_mec_diagnostics(),0,1,
2144,set_tracer(),0,1,
2146,mct_aVect_zero(),0,1,
2147,convertCohortListToVector(),0,1,
2152,SatFunc_Set_SBC_bz2(),0,1,
2153,atm2lnd_vars%initAccVars(),0,1,
2154,set_boundary_conditions_interface(),0,1,
2156,shr_file_getLogLevel(),0,1,
2157,NStateUpdate1(),0,1,
2158,CNGapPftToColumn(),0,1,
2163,PAdsorption(),0,1,
2167,Fractionation(),0,1,
2170,clm_pf_set_restart_stamp(),0,1,
2172,UrbanInput(),0,1,
2175,set_patchno(),0,1,
2180,to(),0,1,
2186,lnd_final_mct(),0,1,
2192,mmcomplex_v1s(),0,1,
2194,ConditionDestroy(),0,1,
2202,calc_beta_leepielke1992(),0,1,
2204,SatFunc_Set_VG(),0,1,
2219,UrbanFluxes(),0,1,
2221,BeginPBalance(),0,1,
2224,SoilAlbedo(),0,1,
2225,InitCold_interface(),0,1,
2226,DMCreateMatrix(),0,1,
2227,restFile_read_consistency_nl(),0,1,
2232,calc_gaseous_diffusion_soil_tortuosity(),0,1,
2234,set_phase_convert_coeff(),0,1,
2235,init_calendar(),0,1,
2238,RichardsODEPressureAccumDeriv(),0,1,
2240,zero_site(),0,1,
2243,surfrd_veg_dgvm(),0,1,
2248,EDpftconrd(),0,1,
2261,this%printDataInfoLL(),0,1,
2262,enter_hash_data(),0,1,
2265,TSsetInitialTimeStep(),0,1,
2272,mct_aVect_init(),0,1,
2286,decomp_vertprofiles(),0,1,
2289,calc_bgc_reaction_interface(),0,1,
2294,solarabs_vars%restart(),0,1,
2299,RichardsODEPressureUpdateAuxVarsSS(),0,1,
2300,assign_OM_CNpools(),0,1,
2308,Calc_aqueous_diffusion_soil_tortuosity(),0,1,
2319,ncd_inqdid(),0,1,
2324,goveq_richards_pres%NumCellsInConditions(),0,1,
2329,this%UpdateAuxVarsBC(),0,1,
2331,betr_tracer_massbalance_check(),0,1,
2332,hist_htapes_wrapup(),0,1,
2337,SOEBasePrintInfo(),0,1,
2343,get_proc_bounds_old(),0,1,
2346,one_box_century_bgc(),0,1,
2347,VSFMSOEUpdateAuxVarsRichEqnODE(),0,1,
2348,SetMatrix_Soil_SnowUrban(),0,1,
2349,get_curr_time(),0,1,
2350,SatellitePhenology(),0,1,
2352,VSFMSOEAuxVarSetValue(),0,1,
2363,calc_ebullition(),0,1,
2365,ESMF_StateGet(),0,1,
2367,TSSetTime(),0,1,
2368,calc_nutrient_uptake_potential(),0,1,
2372,initInterp(),0,1,
2373,SOEBaseStepDT_SNES(),0,1,
2375,'CNAllocation1'(),0,1,
2382,restFile_close(),0,1,
2388,write_diagnostic(),0,1,
2391,BandDiagonal(),0,1,
2393,calc_plant_nitrogen_uptake_prof(),0,1,
2395,gather_1darray_int(),0,1,
2407,phosphorusstate_vars%ZeroDWT(),0,1,
2408,pflotranModelCreate(),0,1,
2421,mpi_gatherv(),0,1,
2424,SetMatrix(),0,1,
2431,copy_cohort(),0,1,
2435,work(),0,1,
2438,calc_nuptake_prof(),0,1,
2440,clm_pf_finalize(),0,1,
2441,Init(),0,1,
2446,zero_cohort(),0,1,
2451,pedotransf_cosby1984_table5(),0,1,
2459,dynHarvest_interp(),0,1,
2463,ncd_pio_closefile(),0,1,
2475,mct_aVect_exportRattr(),0,1,
2478,Clean(),0,1,
2486,non_canopy_derivs(),0,1,
2499,SatFunc_Set_SBC_bz3(),0,1,
2501,CStateUpdate0(),0,1,
2505,ncd_io_1d_log_glob(),0,1,
2507,final(),0,1,
2508,c14_carbonstate_vars%Summary(),0,1,
2521,soilhydrology_vars%restart(),0,1,
2522,SoilTemperature(),0,1,
2523,ConnectionSetDestroy(),0,1,
2528,calc_nestep(),0,1,
2530,allocFilters(),0,1,
2533,ervc%setVectors(),0,1,
2536,glc2lnd_vars%Init(),0,1,
2538,canopystate_vars%restart(),0,1,
2544,SetRHSVec_SnowNonUrban(),0,1,
2552,SurfaceRadiation(),0,1,
2557,clm_varpar_init(),0,1,
2560,vsfm_mpp%Restart(),0,1,
2562,pchip_polycc(),0,1,
2568,set_current_year_from_year(),0,1,
2573,SatFunc_PcToRelPerm_Weibull(),0,1,
2588,shr_nl_find_group_name(),0,1,
2589,shr_scam_getCloseLatLon(),0,1,
2592,SatFunc_Set_Weibull_RelPerm(),0,1,
2594,ebbks(),0,1,
2600,get_current_data_{DIMS}d(),0,1,
2601,set_metadata(),0,1,
2603,POcclusion(),0,1,
2608,UpdateDaylength(),0,1,
2610,timemgr_datediff(),0,1,
2618,EDbio_vars%Init(),0,1,
2619,vsfm_mpp%sysofeqns%PreStepDT(),0,1,
2620,CLMVICMap(),0,1,
2623,goveq_richards_pres%Setup(),0,1,
2626,VSFMMPPInit(),0,1,
2637,VSFMJacobian(),0,1,
2642,this(),0,1,
2646,c14_carbonstate_vars%restart(),0,1,
2648,ncd_io_1d_{TYPE}(),0,1,
2653,dust_vars%Init(),0,1,
2654,TSSetDuration(),0,1,
2659,VecGetSize(),0,1,
2662,get_current_data_{DIMS}d_interface(),0,1,
2664,ode_ebbks1(),0,1,
2665,set_subgrid_diagnostic_fields(),0,1,
2675,ESMF_VMGet(),0,1,
2677,ESMF_StateAdd(),0,1,
2689,update_bgc_flux_gas_pf(),0,1,
2700,Density(),0,1,
2701,dgvs_vars%initAccVars(),0,1,
2719,mmcomplex_v1e(),0,1,
2722,RichardsODERes(),0,1,
2724,patch_pft_size_profile(),0,1,
2736,ncd_io_1d_int_glob(),0,1,
2741,backward_advection(),0,1,
2745,restFile_read_pfile(),0,1,
2746,deleteEDRestartVectorClass(),0,1,
2747,RichardsODEPressureSetDensityType(),0,1,
2748,strip_null(),0,1,
2749,subgridRest(),0,1,
2759,calc_bulk_diffusivity(),0,1,
2762,Establishment(),0,1,
2770,SOEBaseStepDT_TS(),0,1,
2771,brent_p(),0,1,
2776,SetRHSVec_Soil_StandingSurfaceWater(),0,1,
2778,convertCohortVectorToList(),0,1,
2785,dgvs_vars%Init(),0,1,
2786,coh%Init(),0,1,
2795,nitrogenflux_vars%Init(),0,1,
2801,SNICAR_RT(),0,1,
2815,ncd_inqdname(),0,1,
2823,trajectory(),0,1,
2834,carbonflux_vars%Init(),0,1,
2839,shr_sys_abort(),0,1,
2842,VSFMMPPRestart(),0,1,
2844,ncd_inqvdlen_byName(),0,1,
2846,RichardsODEPressureGetFromSOEAuxVarsSS(),0,1,
2848,pedotransf_cosby1984_table4(),0,1,
2853,ncd_inqvname(),0,1,
2856,EDbio_vars%SetValues(),0,1,
2859,cmass_mono_smoother(),0,1,
2860,dynpft_file%time_info%set_current_year_get_year(),0,1,
2879,phosphorusflux_vars%Init(),0,1,
2882,decomp_rate_constants_bgc(),0,1,
2883,SoilThermProp_Lake(),0,1,
2894,CStateUpdate1(),0,1,
2898,ecophysconInit(),0,1,
2918,read_variable(),0,1,
2925,calc_nitrif_denitrif_rate(),0,1,
2928,restFile_add_ipft_metadata(),0,1,
2931,set_subgrid_glob(),0,1,
2932,atm2lnd_vars%initAccBuffer(),0,1,
2936,c2l_1d(),0,1,
2940,compute_higher_order_weights(),0,1,
2943,CNOffsetLitterfall(),0,1,
2951,this%set_current_year(),0,1,
2952,scatter_1darray_real(),0,1,
2957,readCNAllocParams(),0,1,
2962,mct_gsMap_orderedPoints(),0,1,
2968,subgridRest_write_and_read(),0,1,
2975,GoveqnBasePreSolve(),0,1,
2979,EDParamsReadFile(),0,1,
2983,restartvar_2d_double(),0,1,
2999,interpMonthlyVeg(),0,1,
3005,SOEResidual(),0,1,
3008,pflotranModelUpdateFinalWaypoint(),0,1,
3009,set_landunit_wet_ice_lake(),0,1,
3010,calc_root_moist_stress_clm45default(),0,1,
3021,canopystate_vars%initAccBuffer(),0,1,
3022,restFile_check_fsurdat(),0,1,
3024,CBalanceCheck(),0,1,
3026,initialize1(),0,1,
3030,lnd_export(),0,1,
3034,dyn_hwcontent_final(),0,1,
3039,LakeTemperature(),0,1,
3041,readCNNDynamicsParams(),0,1,
3047,trim_canopy(),0,1,
3048,check_att(),0,1,
3050,hybrid_findroot_p(),0,1,
3053,ode_mbbks1(),0,1,
3056,VecCreateSeq(),0,1,
3057,clm_ptrs_compdown(),0,1,
3067,this%ptr%IFunction(),0,1,
3069,MPPBaseInit(),0,1,
3074,RichardsODEPressureDivergenceDeriv(),0,1,
3078,get_jwt(),0,1,
3083,CWD_Input(),0,1,
3086,array_normalization_2d(),0,1,
3097,ncd_inqvdims(),0,1,
3099,update_bgc_data_pf2clm(),0,1,
3122,ncd_io_3d_int(),0,1,
3133,apply_plant_root_respiration_prof(),0,1,
3135,RichardsODEPressureGetConditionNames(),0,1,
3136,cnallocate_carbon_only_set(),0,1,
3143,ESMF_AttributeGet(),0,1,
3148,clean_top_pp(),0,1,
3154,lakestate_vars%restart(),0,1,
3160,bgc_reaction%do_tracer_equilibration(),0,1,
3176,printDataInfoVector(),0,1,
3178,c2l_2d(),0,1,
3186,htape_add_natpft_metadata(),0,1,
3187,average_patch_properties(),0,1,
3191,scatter_data_from_master(),0,1,
3193,initialize2(),0,1,
3201,pflotranModelDestroy(),0,1,
3202,GoveqnBaseJacobianOffDiag(),0,1,
3205,SnowAge_grain(),0,1,
3207,hist_update_hbuf(),0,1,
3214,VecDestroy(),0,1,
3221,tracerflux_vars%flux_summary(),0,1,
3222,CNSeasonDecidPhenology(),0,1,
3230,CNPhenologyClimate(),0,1,
3241,calc_puptake_prof(),0,1,
3243,ncd_io_{DIMS}d_{TYPE}_glob(),0,1,
3257,init_boundary_condition_type_interface(),0,1,
3263,HydrologyNoDrainage(),0,1,
3264,TSSolve(),0,1,
3267,mct_aVect_clean(),0,1,
3275,scam_field_offsets(),0,1,
3276,gfunc_mbkks(),0,1,
3280,lnfm_interp(),0,1,
3281,VSFMMPPSetICs(),0,1,
3291,apply_plant_root_nuptake_prof(),0,1,
3293,cnstate_vars%CropRestIncYear(),0,1,
3297,cnstate_vars%Restart(),0,1,
3303,glc_diagnostics_vars%Init(),0,1,
3304,SatellitePhenologyInit(),0,1,
3314,FracH2OSfc(),0,1,
3319,ndep_init(),0,1,
3322,tracercoeff_vars%Restart(),0,1,
3326,bld_hash_table_indices(),0,1,
3328,ConditionPrintInfo(),0,1,
3329,cwd_out(),0,1,
3331,decomp_rate_constants_cn(),0,1,
3333,CNCIsoLitterToColumn(),0,1,
3346,DustDryDep(),0,1,
3354,lun%Init(),0,1,
3366,c2g_2d(),0,1,
3367,VSFMMPPInitialize(),0,1,
3373,add_patch(),0,1,
3376,Init_pars(),0,1,
3383,calc_smp_l(),0,1,
3399,cnallocate_carbonphosphorus_only_set(),0,1,
3401,TimeStepInit(),0,1,
3402,restFile_dimcheck(),0,1,
3410,CNParamsReadShared(),0,1,
3415,update_soil_bgc_pf2clm(),0,1,
3421,pflotranModelSetBgcConcFromCLM(),0,1,
3424,hfields_write(),0,1,
3432,betr_initialize(),0,1,
3435,CNAllocation3_PlantCNPAlloc(),0,1,
3446,SatFunc_SatToPress(),0,1,
3449,nitrogenstate_vars%ZeroDWT(),0,1,
3451,hist_restart_ncd(),0,1,
3453,clm_drv_init(),0,1,
3456,VSFMSOESetAuxVars(),0,1,
3457,hist_add_subscript(),0,1,
3463,c14_carbonstate_vars%Init(),0,1,
3467,restFile_read(),0,1,
3474,CNPrecisionControl(),0,1,
3476,VSFMSOEInit(),0,1,
3477,SetMatrix_SnowUrbanRoad(),0,1,
3482,mct_gsmap_OP(),0,1,
3484,MatZeroEntries(),0,1,
3485,set_pct_landunit_diagnostics(),0,1,
3497,cur_goveq%GetFromSOEAuxVarsBC(),0,1,
3501,PWeathering(),0,1,
3502,spmd_init(),0,1,
3504,PorosityFunctionSetLinearModel(),0,1,
3511,waterstate_vars%init(),0,1,
3513,run_betr_one_step_without_drainage(),0,1,
3516,swap_r(),0,1,
3523,VecGetLocalSize(),0,1,
3529,DMCompositeGetAccessArray(),0,1,
3532,ncd_inqvid(),0,1,
3534,mct_aVect_importIattr(),0,1,
3538,soil_suction_inverse(),0,1,
3541,pflotranModelGetTemperatureFromPF(),0,1,
3543,subgridRest_read_cleanup(),0,1,
3544,Init_betrbgc_interface(),0,1,
3550,soilorder_conrd(),0,1,
3551,control_spmd(),0,1,
3552,shr_strdata_advance(),0,1,
3557,vsfm_soe%PostSolve(),0,1,
3559,dyn_cnbal_patch(),0,1,
3563,tracerstate_vars%Restart(),0,1,
3564,dynpft_read_consistency_nl(),0,1,
3571,brent_np(),0,1,
3597,tracer_solid_transport(),0,1,
3599,brent(),0,1,
3600,printDataInfoLL(),0,1,
3601,PorosityFunctionComputationConstantModel(),0,1,
3605,SOEBasePostSolve(),0,1,
3608,tracerflux_vars%Temporal_average(),0,1,
3610,VSFMSOERichardsEqnODESetup(),0,1,
3611,ReadNL(),0,1,
3617,init_vsfm_condition_ids(),0,1,
3626,SetRHSVec_SoilUrbanNonRoad(),0,1,
3628,c14_carbonflux_vars%summary_cflux_for_ch4(),0,1,
3629,SOESetMeshesOfGoveqns(),0,1,
3635,init_state_vector(),0,1,
3636,p2c_1d_filter(),0,1,
3643,cnstate_vars%Init(),0,1,
3647,downscale_longwave(),0,1,
3651,chemstate_vars%Init(),0,1,
3654,mortality_litter_fluxes(),0,1,
3658,VSFMSOEAuxVarGetValue(),0,1,
3662,pflotranModelUpdateTHfromCLM(),0,1,
3664,pchip_interp(),0,1,
3669,SOEIFunction(),0,1,
3676,clean_top_es(),0,1,
3677,surfrd_get_grid(),0,1,
3681,MeshCreateConnectionSet(),0,1,
3682,Init_Allocate(),0,1,
3689,urbanparams_vars%Init(),0,1,
3690,soe%PostSolve(),0,1,
3695,LakeFluxes(),0,1,
3699,crop_vars%Init(),0,1,
3702,ConditionListAddCondition(),0,1,
3704,SetMatrix_Soil(),0,1,
3705,domain_init(),0,1,
3706,pdep_init(),0,1,
3711,satParams%Init(),0,1,
3712,asc_sort_vec(),0,1,
3716,restFile_write_pfile(),0,1,
3718,GoveqnBaseIJacobian(),0,1,
3722,restFile_check_year(),0,1,
3726,goveq_richards_pres%SetDensityType(),0,1,
3728,readAnnualVegetation(),0,1,
3733,CLMPFLOTRANIDataInit(),0,1,
3735,temperature_vars%restart(),0,1,
3738,VecZeroEntries(),0,1,
3748,hist_addfld1d(),0,1,
3749,get_prev_time(),0,1,
3750,phenology_leafonoff(),0,1,
3754,nitrogenflux_vars%Summary(),0,1,
3757,update_soil_temperature(),0,1,
3758,nbuffer_update(),0,1,
3768,readCentCNAllocParams(),0,1,
3769,ecosystem_dynamics(),0,1,
3774,this%convertCohortVectorToList(),0,1,
3775,get_proc_bounds_new(),0,1,
3777,DMCompositeRestoreAccessArray(),0,1,
3778,DMCompositeGetEntriesArray(),0,1,
3791,AerosolFluxes(),0,1,
3793,cur_goveq%Residual(),0,1,
3798,this%ptr%Jacobian(),0,1,
3799,VSFMSOEUpdateAuxVarsODE(),0,1,
3810,p2c_2d(),0,1,
3816,SFParamsReadLocal(),0,1,
3826,printErrMsg(),0,1,
3831,calc_effective_soilporosity(),0,1,
3834,InitAllocate(),0,1,
3840,clm_inst_biogeophys(),0,1,
3843,ncd_io_2d_{TYPE}(),0,1,
3846,DustEmission(),0,1,
3847,vsfm_mpp%sysofeqns%GetDataForCLM(),0,1,
3862,pio_seterrorhandling(),0,1,
3880,RichODEPressureAuxVarGetValue(),0,1,
3882,CIsoFlux3(),0,1,
3886,SurfaceRunoff(),0,1,
3887,init_soilwater_movement(),0,1,
3894,dynCNDV_interp(),0,1,
3897,PorosityFunctionCopy(),0,1,
3911,check_patch_area(),0,1,
3917,set_landunit_names(),0,1,
3919,hist_update_hbuf_field_2d(),0,1,
3921,get_rest_date(),0,1,
3924,EDecophysconInit(),0,1,
3928,this%createPatchCohortStructure(),0,1,
3929,DMCompositeCreate(),0,1,
3933,rhoSat(),0,1,
3936,cumsum(),0,1,
3938,init_betr_alm_bgc_coupler_interface(),0,1,
3941,update_glc2lnd_topo(),0,1,
3952,RichardsODEPressureDivergence(),0,1,
3954,SOEBaseIFunction(),0,1,
3956,pio_write_darray(),0,1,
3959,canopy_derivs(),0,1,
3961,SatFunc_PcToRelPerm_SBC(),0,1,
3962,get_current_data_1d_interface(),0,1,
3966,ecacomplex_cell_norm_m(),0,1,
3967,VSFMMPPSetupPetscSNESSetup(),0,1,
3971,SatFunc_Init(),0,1,
3975,SOEBaseGetDataForCLM(),0,1,
3977,ESMF_ArraySpecSet(),0,1,
3981,spawn_patches(),0,1,
3982,LUsolvAxr(),0,1,
3987,CNGapMortality(),0,1,
3989,LakeConInit(),0,1,
3990,SFParamsRead(),0,1,
3991,c13_carbonflux_vars%SetValues(),0,1,
3995,update_landunit_weights(),0,1,
3999,BuildNatVegFilter(),0,1,
4000,bgc_reaction%set_boundary_conditions(),0,1,
4001,this%update_glc2lnd_topo(),0,1,
4007,SNESSetFunction(),0,1,
4009,SetRHSVec(),0,1,
4010,ch4_tran(),0,1,
4012,SOEComputeOperators(),0,1,
4022,PStateUpdate1(),0,1,
4025,update_landunit_weights_one_gcell(),0,1,
4038,GoveqnBaseSetDtime(),0,1,
4042,betrbgc_init(),0,1,
4053,c13_carbonflux_vars%summary_cflux_for_ch4(),0,1,
4054,vsfm_soe%aux_vars_ss(),0,1,
4055,getVectors(),0,1,
4059,clm_varcon_init(),0,1,
4065,CNVegStructUpdate(),0,1,
4068,tracerflux_vars%flux_display(),0,1,
4069,clm_bgc_data%Init(),0,1,
4081,update_bgc_gaslosses_pf2clm(),0,1,
4086,hybrid_findroot_np(),0,1,
4094,VSFMMPPSetup(),0,1,
4095,CNWoodProducts(),0,1,
4096,restartvar_1d_double(),0,1,
4098,calc_bgc_reaction(),0,1,
4105,ncd_io_3d_{TYPE}(),0,1,
4109,dyn_hwcontent_init(),0,1,
4112,ed_update_sites(),0,1,
4113,lnd_SetgsMap_mct(),0,1,
4130,fire_model(),0,1,
4131,get_clm_soil_property(),0,1,
4136,Tridiagonal_sr(),0,1,
4142,restartvar_0d_double(),0,1,
4145,ncd_io(),0,1,
4155,ncd_defvar(),0,1,
4168,seq_drydep_setHCoeff(),0,1,
4169,BTRAN_ED(),0,1,
4173,p2c(),0,1,
4178,decompInit_lnd(),0,1,
4182,surfalb_vars%Init(),0,1,
4184,soil_water_retention_curve%soil_suction(),0,1,
4190,CanopyFluxes(),0,1,
4193,SetMatrix_Snow_SoilUrbanNonRoad(),0,1,
4205,RichODEPressureAuxVarCopy(),0,1,
4217,ncd_io_0d_log_glob(),0,1,
4221,readNcdioArray1d(),0,1,
4231,get_clm_bgc_data(),0,1,
4236,this%update_glc2lnd_fracs(),0,1,
4237,vsfm_mpp%Setup(),0,1,
4240,quadratic(),0,1,
4241,lubksb(),0,1,
4246,QSat(),0,1,
4249,nitrogenflux_vars%SetValues(),0,1,
4257,clm_leaf_area_profile(),0,1,
4258,SatFunc_PressToRelPerm(),0,1,
4259,CNCropHarvest(),0,1,
4261,SatFunc_Set_SBC(),0,1,
4264,shr_file_setLogUnit(),0,1,
4266,cur_goveq%UpdateAuxVars(),0,1,
4275,cwd_input(),0,1,
4276,temperature_vars%initAccVars(),0,1,
4278,check_downscale_consistency(),0,1,
4301,calc_bunsen_coeff(),0,1,
4308,Extra_inst%InitAllocate(),0,1,
4309,Init_betrbgc(),0,1,
4311,ode_ebbks2(),0,1,
4319,CanopyTemperature(),0,1,
4320,ncd_putatt_int(),0,1,
4324,CNNFixation(),0,1,
4327,shr_strdata_create(),0,1,
4337,InitAccBuffer(),0,1,
4338,hfields_normalize(),0,1,
4343,lun%clean(),0,1,
4350,organicrd(),0,1,
4355,InitDaylength(),0,1,
4356,MatAssemblyEnd(),0,1,
4358,VSFMMPPSetICsSNESCLM(),0,1,
4362,GoveqnBaseUpdateAuxVars(),0,1,
4363,init_root_moist_stress(),0,1,
4368,SetValues(),0,1,
4370,rate_of_spread(),0,1,
4373,Infiltration(),0,1,
4374,init_decompcascade_cn(),0,1,
4375,waterstate_vars%Reset(),0,1,
4378,calc_timeconst_diagnostics(),0,1,
4379,dynamic_plant_alloc(),0,1,
4381,soe%SetDtime(),0,1,
4383,clm_pf_interface_init(),0,1,
4390,ci_func(),0,1,
4395,RichardsODEPressureUpdateAuxVars(),0,1,
4396,cur_goveq%PreSolve(),0,1,
4401,c13_carbonflux_vars%Init(),0,1,
4407,domain_clean(),0,1,
4408,htape_add_cft_metadata(),0,1,
4418,unittest_add_landunit(),0,1,
4420,update_soil_moisture_pf2clm(),0,1,
4421,mct_aVect_exportIattr(),0,1,
4423,summary(),0,1,
4424,soilstate_vars%restart(),0,1,
4439,this%ptr%Residual(),0,1,
4440,top_pp%Init(),0,1,
4441,CNFluxStateBetrSummary(),0,1,
4442,surfrad_vars%Init(),0,1,
4447,GoveqnBaseUpdateAuxVarsIntrn(),0,1,
4450,CNDecompAlloc2(),0,1,
4451,ncd_reset_read_times(),0,1,
4452,hist_update_hbuf_field_1d(),0,1,
4456,ncd_inqfdims(),0,1,
4462,update_soil_moisture(),0,1,
4466,soil_suction_interface(),0,1,
4467,set_landunit_weight(),0,1,
4473,MPI_Comm_dup(),0,1,
4475,CNDVDriver(),0,1,
4476,pflotranModelGetBgcVariablesFromPF(),0,1,
4483,readNcdioScalar(),0,1,
4486,Tridiagonal(),0,1,
4488,find_nlgroup_name(),0,1,
4491,atm2lnd_vars%UpdateAccVars(),0,1,
4492,interface_init(),0,1,
4494,extract_accum_field_ml(),0,1,
4495,frictionvel_vars%(),0,1,
4506,C14Decay(),0,1,
4516,dgbsv(),0,1,
4519,recruitment(),0,1,
4520,ConditionListPrintInfo(),0,1,
4542,mmcomplex_m(),0,1,
4544,shr_file_setLogLevel(),0,1,
4545,PorosityFunctionInit(),0,1,
4548,pflotranModelUpdateSubsurfTCond(),0,1,
4572,readCNNitrifDenitrifParams(),0,1,
4576,fire_intensity(),0,1,
4578,set_site_properties_bg(),0,1,
4587,ncd_enddef(),0,1,
4595,betr_readNL(),0,1,
4599,this%UpdateAuxVarsSS(),0,1,
4605,wtpatch%get_current_data(),0,1,
4608,CNStressDecidPhenology(),0,1,
4609,SOEBaseInit(),0,1,
4616,ncd_set_var(),0,1,
4617,calc_tracer_surface_runoff(),0,1,
4618,ncd_inqvdlen(),0,1,
4624,ncd_io_0d_int_glob(),0,1,
4627,PetscFinalize(),0,1,
4632,printIoInfoLL(),0,1,
4633,get_perp_date(),0,1,
4640,readPrivateParameters(),0,1,
4644,photosyns_vars%Init(),0,1,
4657,update_ed_history_variables(),0,1,
4660,cur_goveq%GetConditionNames(),0,1,
4662,SetMatrix_Snow_SoilNonUrban(),0,1,
4672,init_decompcascade_bgc(),0,1,
4675,mct_aVect_scatter(),0,1,
4680,pflotranModelUpdateHSourceSink(),0,1,
4684,get_clm_bceflx(),0,1,
4686,SatFunc_Set_BC(),0,1,
4688,masterlist_addfld(),0,1,
4690,set_current_year_get_year(),0,1,
4693,hist_addfld_decomp(),0,1,
4695,aerosol_vars%Reset(),0,1,
4699,DMCompositeAddDM(),0,1,
4702,set_reaction_order(),0,1,
4705,ode_mbbks2(),0,1,
4706,shr_file_setIO(),0,1,
4715,soilwater_vsfm(),0,1,
4734,tracerflux_vars%Init(),0,1,
4736,convert_mobile2gas(),0,1,
4739,SetMatrix_Snow_SoilUrban(),0,1,
4752,SubgridRest(),0,1,
4753,get_proc_bounds(),0,1,
4760,c13_carbonstate_vars%Summary(),0,1,
4761,readCNDecompBgcParams(),0,1,
4763,RichardsODEPressureGetDataFromSOEAuxVar(),0,1,
4765,lai_init(),0,1,
4766,restartvar(),0,1,
4768,canopy_spread(),0,1,
4770,pftconrd(),0,1,
4772,tracerflux_vars%Restart(),0,1,
4780,set_pct_pft_diagnostics(),0,1,
4783,diagnose_drainage_water_flux(),0,1,
4789,update_rad_dtime(),0,1,
4790,clm_domain_mct(),0,1,
4791,C14BombSpike(),0,1,
4803,CheckUrban(),0,1,
4806,ode_rk2(),0,1,
4811,c14_carbonflux_vars%summary_rr(),0,1,
4815,set_multi_phase_diffusion(),0,1,
4817,ervc%getVectors(),0,1,
4818,SetRHSVec_SnowUrban(),0,1,
4823,restartvar_2d_int(),0,1,
4824,CNParamsSharedReadFile(),0,1,
4828,update_glc2lnd_dyn_runoff_routing(),0,1,
4830,this%UpdateAuxVarsIntrn(),0,1,
4839,mpi_get_processor_name(),0,1,
4840,endrun(),0,1,
4843,SOEBasePreStepDT(),0,1,
4852,initialize3(),0,1,
4853,c14_carbonflux_vars%ZeroDWT(),0,1,
4855,readCNMRespParams(),0,1,
4856,ed_init(),0,1,
4857,DMSetOptionsPrefix(),0,1,
4863,ncd_putatt_char(),0,1,
4865,cnallocate_carbonnitrogen_only_set(),0,1,
4867,InitCold(),0,1,
4869,GoveqnBaseComputeRHS(),0,1,
4872,this%meshes(),0,1,
4876,initGridCells(),0,1,
4878,calc_effective_snowporosity(),0,1,
4883,calc_soilevap_stress(),0,1,
4884,update_bgc_state_smin(),0,1,
4888,RichODEPressureAuxVarInit(),0,1,
4891,init_subgrid_weights_mod(),0,1,
4894,SOEBaseJacobian(),0,1,
4909,GoveqnBaseUpdateAuxVarsSS(),0,1,
4910,soil_hk(),0,1,
4911,set_bounds(),0,1,
4919,soil_suction_inverse_interface(),0,1,
4921,dynpft_check_consistency(),0,1,
4930,retrieve_flux_vars(),0,1,
4939,dyn_hwcontent(),0,1,
4941,DrainageVSFM(),0,1,
4942,restFile_open(),0,1,
4946,check_var(),0,1,
4954,SOEIJacobian(),0,1,
4955,SetMatrix_SoilUrbanRoad(),0,1,
4970,PorosityFunctionComputationLinearModel(),0,1,
4972,seq_timemgr_EclockGetData(),0,1,
4977,init_transportmod(),0,1,
4980,VSFMSPreStepDT(),0,1,
4984,root_fraction(),0,1,
4988,top_es%Init(),0,1,
4989,ncd_io_1d_double_glob(),0,1,
4997,copy_state(),0,1,
5000,Qsat(),0,1,
5006,pft%init(),0,1,
5009,update_accum_field_sl(),0,1,
5023,NewPatchInit(),0,1,
5030,control_setNL(),0,1,
5036,MatSetValuesLocal(),0,1,
5040,shr_orb_decl(),0,1,
5046,lnd2glc_vars%update_lnd2glc(),0,1,
5048,energyflux_vars%init(),0,1,
5051,set_landunit_urban(),0,1,
5056,bgc_reaction%Init_betrbgc(),0,1,
5061,summary_cflux_for_ch4(),0,1,
5065,ncd_io_1d_double(),0,1,
5068,hist_htapes_build(),0,1,
5079,PDeposition(),0,1,
5083,SetMatrix_Snow(),0,1,
5086,GoveqnBaseAllocVarsFromOtherGEs(),0,1,
5098,total_balance_check(),0,1,
5101,calc_cascade_matrix(),0,1,
5104,bgc_reaction%betr_alm_flux_statevar_feedback(),0,1,
5105,get_data_2d(),0,1,
5106,SetMatrix_Soil_Snow(),0,1,
5109,soil_hk_interface(),0,1,
5110,Extra_inst%AAssign(),0,1,
5111,get_data_{DIMS}d(),0,1,
5117,ESMF_TimeGet(),0,1,
5127,temperature_vars%initAccBuffer(),0,1,
5128,ncd_inqvdids(),0,1,
5136,add_column(),0,1,
5143,plantCNAlloc(),0,1,
5150,pflotranModelGetSoilPropFromPF(),0,1,
5160,calc_fpg(),0,1,
5171,PorosityFunctionComputation(),0,1,
5173,calc_tracer_infiltration(),0,1,
5183,ervc%doVectorIO(),0,1,
5184,decompInit_clumps(),0,1,
5192,unittest_add_patch(),0,1,
5193,ncd_io_2d_int_glob(),0,1,
5194,shr_mpi_bcast(),0,1,
5201,dgvs_vars%Restart(),0,1,
5216,pflotranModelResetSoilPorosityFromCLM(),0,1,
5222,VSFMMPPSetSoils(),0,1,
5227,save_old_weights(),0,1,
5228,ervc%deleteEDRestartVectorClass(),0,1,
5232,GoveqnBaseIJacobianOffDiag(),0,1,
5238,pflotranModelInitMapping(),0,1,
5240,cur_goveqn%PrintInfo(),0,1,
5244,gather_1darray_real(),0,1,
5246,diff(),0,1,
5258,get_clump_bounds_old(),0,1,
5263,init_patches(),0,1,
5271,readCNDecompParams(),0,1,
5274,ed_init_sites(),0,1,
5275,seq_infodata_GetData(),0,1,
5280,pedotransf_noilhan_lacarrere1995(),0,1,
5285,ConditionListClean(),0,1,
5289,phosphorusflux_vars%SetValues(),0,1,
5290,pio_setframe(),0,1,
5297,restartvar_2d_text(),0,1,
5309,p2g_1d(),0,1,
5314,ecacomplex_cell_norm_v1s(),0,1,
5316,this%NumConditions(),0,1,
5322,SOEBaseClean(),0,1,
5326,vernalization(),0,1,
5333,ncd_putatt(),0,1,
5336,ComputeGroundHeatFluxAndDeriv(),0,1,
5340,SOEBaseSetDtime(),0,1,
5341,readNcdio(),0,1,
5343,lnd_run_esmf(),0,1,
5344,CNNFert(),0,1,
5346,get_curr_date(),0,1,
5349,allocate_live_biomass(),0,1,
5350,pflotranModelSetBgcRatesFromCLM(),0,1,
5359,mpi_comm_size(),0,1,
5367,grc%Init(),0,1,
5368,dyn_ED(),0,1,
5372,CNDVHist(),0,1,
5373,SatFunc_SatToPc_BC(),0,1,
5377,calc_rscal(),0,1,
5382,VSFMMPPClean(),0,1,
5387,relavu(),0,1,
5397,CNAllocationBetrInit(),0,1,
5398,check_sums_equal_1(),0,1,
5401,restartvar_0d_text(),0,1,
5408,this%ptr%IJacobian(),0,1,
5412,EDRest(),0,1,
5417,vsfm_mpp%sysofeqns%StepDT(),0,1,
5418,Flux_display(),0,1,
5422,nitrogenflux_vars%Restart(),0,1,
5424,pflotran_write_checkpoint(),0,1,
5427,MoninObukIni(),0,1,
5430,post_fire_mortality(),0,1,
5433,SetMatrix_SnowUrbanNonRoad(),0,1,
5434,calc_plant_nutrient_demand(),0,1,
5443,tracerboundarycond_vars%Init(),0,1,
5450,ConnectionSetListClean(),0,1,
5459,getfil(),0,1,
5468,Flux_summary(),0,1,
5469,ConditionListInit(),0,1,
5472,betr_alm_flux_statevar_feedback(),0,1,
5475,vsfm_mpp%sysofeqns%SetDtime(),0,1,
5478,Viscosity(),0,1,
5483,ncd_io_{DIMS}d_log_glob(),0,1,
5494,Phasechange_beta(),0,1,
5502,RichardsODEPressureGetFromSOEAuxVarsIntrn(),0,1,
5505,restFile_closeRestart(),0,1,
5510,SetMatrix_StandingSurfaceWater(),0,1,
5512,apply_nutrient_down_regulation(),0,1,
5514,Create(),0,1,
5517,CIsoFlux2(),0,1,
5523,ESMF_TimeIntervalGet(),0,1,
5532,restFile_getfile(),0,1,
5539,DiffusTransp_gw_tridiag(),0,1,
5543,ncd_io_2d_text_glob(),0,1,
5544,timemgr_spmdbcast(),0,1,
5545,EDParamsRead(),0,1,
5546,RichardsODESetup(),0,1,
5553,init_soil_stress(),0,1,
5558,downscale_forcings(),0,1,
5560,cur_goveq%UpdateAuxVarsSS(),0,1,
5561,restFile_write(),0,1,
5562,get_current_data_1d(),0,1,
5569,mct_gGrid_init(),0,1,
5571,nitrogenstate_vars%Summary(),0,1,
5579,htape_create(),0,1,
5580,goveq_richards_pres%AllocateAuxVars(),0,1,
5588,dynpft_interp(),0,1,
5589,cambial_damage_kill(),0,1,
5592,clm_indices(),0,1,
5593,ZeroDwt(),0,1,
5594,update_bgc_flux_nitdenit(),0,1,
5603,carbonstate_vars%restart(),0,1,
5606,Photosynthesis(),0,1,
5607,phosphorusstate_vars%Restart(),0,1,
5608,CNCIsoHarvestPftToColumn(),0,1,
5611,CNFireInit(),0,1,
5617,tracer_gw_transport(),0,1,
5619,l2g(),0,1,
5623,SatFunc_SatToPc_SBC(),0,1,
5627,surfrd_get_data(),0,1,
5636,vsfm_mpp%sysofeqns%PostStepDT(),0,1,
5637,CNFireArea(),0,1,
5644,calc_sompool_decay(),0,1,
5647,shr_file_getLogUnit(),0,1,
5652,subgrid_get_gcellinfo(),0,1,
5656,waterstate_vars%restart(),0,1,
5657,CNHarvest(),0,1,
5659,RichardsODEPressureNumConditions(),0,1,
5660,Photosynthesis_ED(),0,1,
5665,calc_decompK_multiply_scalar(),0,1,
5666,chkrc(),0,1,
5672,get_clm_bgc_rate(),0,1,
5679,aerosol_vars%Init(),0,1,
5694,list_index(),0,1,
5696,UrbanRadiation(),0,1,
5698,CIsoFlux1(),0,1,
5706,VSFMSGetConditionNames(),0,1,
5709,fuse_cohorts(),0,1,
5712,init_vegrootfr(),0,1,
5718,CNGResp(),0,1,
5721,carbonflux_vars%ZeroDWT(),0,1,
5722,ncd_getiodesc(),0,1,
5726,ncd_pio_init(),0,1,
5727,ncd_io_0d_double_glob(),0,1,
5734,CNEcosystemDynBetrInit(),0,1,
5736,calc_bulk_conductances(),0,1,
5737,this%check_glc2lnd_icemask_coupled_fluxes(),0,1,
5743,incident_diffuse(),0,1,
5747,apply_ECA_nutrient_regulation(),0,1,
5756,surfalb_vars%restart(),0,1,
5766,l2g_2d(),0,1,
5768,CanopyHydrology(),0,1,
5774,restFile_add_ilun_metadata(),0,1,
5777,calc_root_moist_stress(),0,1,
5794,SetMatrix_Soil_SnowUrbanNonRoad(),0,1,
5797,crop_vars%UpdateAccVars(),0,1,
5800,ch4_vars%restart(),0,1,
5804,c13_carbonstate_vars%Init(),0,1,
5808,cur_goveq%GetFromSOEAuxVarsIntrn(),0,1,
5813,VSFMSOEResidual(),0,1,
5816,p2c_1d(),0,1,
5826,do_tracer_equilibration_interface(),0,1,
5831,ncd_putatt_real(),0,1,
5833,tracer_param_init(),0,1,
5834,FrictionVelocity(),0,1,
5835,calc_potential_aerobic_hr(),0,1,
5837,hdm_interp(),0,1,
5840,canopystate_vars%initAccVars(),0,1,
5841,lnd_init_esmf(),0,1,
5857,CNEcosystemDynNoLeaching1(),0,1,
5871,ode_adapt_mbbks1(),0,1,
5878,ch4_ebul(),0,1,
5880,get_start_date(),0,1,
5884,ncd_inqvdlen_byDesc(),0,1,
5899,c2g_1d(),0,1,
5901,clm_bgc_get_data(),0,1,
5910,update_glc2lnd_fracs(),0,1,
5911,CNBackgroundLitterfall(),0,1,
5912,restartvar_{DIMS}d_{TYPE}(),0,1,
5914,VOCEmission(),0,1,
5917,setFilters(),0,1,
5927,c13_carbonflux_vars%ZeroDWT(),0,1,
5934,dgvs_vars%initAccBuffer(),0,1,
5936,SatFunc_SatToPc_VG(),0,1,
5938,get_clm_soil_properties(),0,1,
5947,CNNFixation_balance(),0,1,
5949,seed_germination(),0,1,
5951,lnd2atm_minimal(),0,1,
5952,SatFunc_PcToSat_BC(),0,1,
5954,init_betr_alm_bgc_coupler(),0,1,
5957,tracercoeff_vars%Init(),0,1,
5965,GetGlobalWrite(),0,1,
5968,CNLitterToColumn(),0,1,
5972,gaussian_elimination(),0,1,
5975,TSSetFromOptions(),0,1,
5984,BeginWaterBalance(),0,1,
5985,calc_dual_phase_convert_coeff(),0,1,
5986,CNPhenology(),0,1,
5987,BuildSnowFilter(),0,1,
5988,clm_pf_readnl(),0,1,
5990,CNNDynamicsInit(),0,1,
5991,clm_inst_biogeochem(),0,1,
5999,VSFMMPPSetSoilsCLM(),0,1,
6001,do_tracer_advection(),0,1,
6004,soilhydrology_vars%Init(),0,1,
6006,nitrogenstate_vars%Init(),0,1,
6008,ecacomplex_m(),0,1,
6009,array_div_vector_nofilter(),0,1,
6021,fire_litter_fluxes(),0,1,
6023,ncd_defvar_bygrid(),0,1,
6037,PDesorption(),0,1,
6040,CNEcosystemDynNoLeaching2(),0,1,
6043,incident_direct(),0,1,
6051,VecCopy(),0,1,
6060,hist_printflds(),0,1,
6061,shr_string_listAppend(),0,1,
6069,CNNDeposition(),0,1,
6071,update_soil_temperature_pf2clm(),0,1,
6081,pdep_interp(),0,1,
6083,bgc_reaction%readParams(),0,1,
6086,ch4_vars%Init(),0,1,
6087,cpu_time(),0,1,
6088,vsfm_mpp%sysofeqns%GetConditionNames(),0,1,
6091,VSFMSOEAuxVarInit(),0,1,
6096,RichardsODEPressureSetDataInSOEAuxVar(),0,1,
6098,pflotranModelStepperRunInit(),0,1,
6116,pflotranModelGetSaturationFromPF(),0,1,
6118,MatAssemblyBegin(),0,1,
6122,CNAllocation1_PlantNPDemand(),0,1,
6124,get_clm_soil_thermohydro(),0,1,
6126,update_plant_stoichiometry(),0,1,
6128,PBalanceCheck(),0,1,
6131,Calc_gaseous_diffusion_soil_tortuosity(),0,1,
6132,set_subgrid_dist(),0,1,
6137,cumsum_m(),0,1,
6143,reduce_reaction_rates(),0,1,
6148,mct_gsMap_OP(),0,1,
6157,glc2lnd_vars%update_glc2lnd(),0,1,
6164,CropPhenology(),0,1,
6167,scatter_1darray_int(),0,1,
6171,SetMatrix_SoilUrbanNonRoad(),0,1,
6174,SatFunc_PcToSat_VG(),0,1,
6176,restFile_add_icol_metadata(),0,1,
6178,dgemv(),0,1,
6179,check_glc2lnd_icemask_coupled_fluxes(),0,1,
6182,cur_goveq%UpdateAuxVarsIntrn(),0,1,
6189,canopystate_vars%UpdateAccVars(),0,1,
6191,soilorderconInit(),0,1,
6193,semi_lagrange_adv_backward(),0,1,
6194,DiffusTransp_solid(),0,1,
6198,ncd_inqdlen(),0,1,
6204,interp_2d_double(),0,1,
6214,CIsoFlux2h(),0,1,
6218,ESMF_GridCompSetEntryPoint(),0,1,
6224,calc_dew_sub_flux(),0,1,
6226,checkDates(),0,1,
6228,clm_pf_write_restart(),0,1,
6230,ESMF_ArrayGet(),0,1,
6244,cur_goveq%GetFromSOEAuxVarsSS(),0,1,
6246,diagnose_advect_water_flux(),0,1,
6255,ncd_io_2d_double(),0,1,
6258,tracerState_vars%Init(),0,1,
6259,findMinDist(),0,1,
6263,doVectorIO(),0,1,
6267,plantsoilnutrientflux_vars%Init(),0,1,
6272,clm_ptrs_check(),0,1,
6279,readCNSoilLittVertTranspParams(),0,1,
6288,date_and_time(),0,1,
6290,get_clm_bgc_flux(),0,1,
6298,memmon_reset_addr(),0,1,
6307,PBiochemMin(),0,1,
6311,dynpft_init(),0,1,
6319,dynSubgrid_driver(),0,1,
6321,UrbanAlbedo(),0,1,
6326,surfrd_get_topo(),0,1,
6327,pflotranModelGetTopFaceArea(),0,1,
6334,read_data_if_needed(),0,1,
6339,get_proc_total(),0,1,
6341,atm2lnd_vars%restart(),0,1,
6345,c13_carbonflux_vars%Summary(),0,1,
6352,update_lnd2glc(),0,1,
6357,NStateUpdate2(),0,1,
6366,SNESGetIterationNumber(),0,1,
6372,c13_carbonflux_vars%summary_rr(),0,1,
6374,htapes_fieldlist(),0,1,
6382,GoveqnBaseInit(),0,1,
6383,lnd_init_mct(),0,1,
6385,CNSoilLittVertTransp(),0,1,
6393,build_scale_l2g(),0,1,
6398,control_print(),0,1,
6401,init_hydrology(),0,1,
6405,ESMF_AttributeSet(),0,1,
6414,ESMF_ClockSet(),0,1,
6415,VSFMSOESetup(),0,1,
6416,FracH2oSfc(),0,1,
6421,cur_goveq%NumConditions(),0,1,
6426,soilwater_zengdecker2009(),0,1,
6430,readCH4Params(),0,1,
6435,FracWet(),0,1,
6436,lnd2atm(),0,1,
6440,ConnectionSetListAddSet(),0,1,
6443,crop_vars%initAccBuffer(),0,1,
6444,this%Init(),0,1,
6450,ncd_pio_openfile(),0,1,
6458,pio_closefile(),0,1,
6470,set_landunit_crop_noncompete(),0,1,
6471,ncd_io_gs_int2d(),0,1,
6473,calc_root_uptake_as_perfect_sink(),0,1,
6478,cur_goveq_1%Jacobian(),0,1,
6482,extract_accum_field_sl(),0,1,
6491,read_variable_1d(),0,1,
6492,ncd_io_{DIMS}d_double(),0,1,
6495,calc_aerecond(),0,1,
6504,swap_rv(),0,1,
6506,MatGetLocalSubMatrix(),0,1,
6509,insert_cohort(),0,1,
6512,soe%PreSolve(),0,1,
6519,DiffusTransp(),0,1,
6522,run_betr_one_step_with_drainage(),0,1,
6536,unittest_add_gridcell(),0,1,
6543,RichardsODEPressureGetFromSOEAuxVarsBC(),0,1,
6546,ch4_oxid(),0,1,
6571,PhaseChange_Lake(),0,1,
6574,clm_bgc_update_data(),0,1,
6577,AssembleMatrixFromSubmatrices(),0,1,
6578,phosphorusflux_vars%ZeroDWT(),0,1,
6585,accumulRest(),0,1,
6591,endrun_vanilla(),0,1,
6597,DiffusTransp_gw(),0,1,
6598,VSFMSOESetDataFromCLM(),0,1,
6600,timemgr_restart_io(),0,1,
6601,ecacomplex_cell_norm_v1e(),0,1,
6604,read_variable_{DIMS}d(),0,1,
6606,soil_suction(),0,1,
6607,calc_henrys_coeff(),0,1,
6609,integrate_state_variables(),0,1,
6611,CNPhenologyInit(),0,1,
6614,CNEcosystemDynInit(),0,1,
6615,ncid%vars(),0,1,
6618,CNAllocationInit(),0,1,
6623,Lagrange_interp(),0,1,
6624,reweight_wrapup(),0,1,
6628,VSFMMPPUpdateSysOfEqnsAuxVars(),0,1,
6636,SetRHSVec_SoilNonUrban(),0,1,
6638,readCentNitrifDenitrifParams(),0,1,
6641,domain_check(),0,1,
6643,Extra_inst%DDeallocate(),0,1,
6645,control_init(),0,1,
6646,nitrogenstate_vars%Restart(),0,1,
6647,seq_infodata_PutData(),0,1,
6650,shr_assert(),0,1,
6651,summary_rr(),0,1,
6657,waterflux_vars%restart(),0,1,
6663,ncd_io_0d_text_glob(),0,1,
6665,plantsoilnutrientflux_vars%summary(),0,1,
6666,mpi_reduce(),0,1,
6668,CNSoyfix(),0,1,
6684,pft%clean(),0,1,
6687,ecacomplex_v1s(),0,1,
6690,CStateUpdate3(),0,1,
6697,CNAllocation2_ResolveNPLimit(),0,1,
6711,p2g(),0,1,
6714,init_scalars(),0,1,
6731,soilstate_vars%init(),0,1,
6734,photosyns_vars%restart(),0,1,
6737,SnowCompaction(),0,1,
6744,seq_cdata_setptrs(),0,1,
6748,vsfm_mpp%sysofeqns%SetDataFromCLM(),0,1,
6750,PBiochemMin_balance(),0,1,
6765,init_top_es(),0,1,
6766,get_clm_bgc_state(),0,1,
6774,restFile_enddef(),0,1,
6776,setVectors(),0,1,
6780,restartvar_1d_text(),0,1,
6781,normalize_unfrozen_rootfr(),0,1,
6785,ConnectionSetListInit(),0,1,
6786,create_scale_l2g_lookup(),0,1,
6787,timemgr_restart(),0,1,
6789,bgc_reaction%init_betr_alm_bgc_coupler(),0,1,
6791,betrtracer_vars%set_tracer(),0,1,
6799,ncd_io_3d_int_glob(),0,1,
6805,DMDACreate1d(),0,1,
6807,lnd2glc_vars%Init(),0,1,
6808,bgc_reaction%calc_bgc_reaction(),0,1,
6809,ncd_io_3d_double(),0,1,
6813,DivideSnowLayers(),0,1,
6814,GoveqnBaseJacobian(),0,1,
6817,BeginCBalance(),0,1,
6818,DDeallocate(),0,1,
6829,calc_tracer_h2osfc_snow_residual_combine(),0,1,
6834,ESMF_VMGetCurrent(),0,1,
6837,clean_top_ws(),0,1,
6838,calc_equil_to_liquid_convert_coeff(),0,1,
6839,CNHarvestPftToColumn(),0,1,
6850,get_data_1d(),0,1,
6852,get_curr_time_string(),0,1,
6858,CLMPFLOTRANIDataCreateVec(),0,1,
6864,this%satParams%Copy(),0,1,
6865,RichODEPressureAuxVarCompute(),0,1,
6867,CNEvergreenPhenology(),0,1,
6870,this%aux_vars_in(),0,1,
6874,SetRHSVec_StandingSurfaceWater(),0,1,
6876,zero_patch(),0,1,
6880,restFile_check_consistency(),0,1,
6881,fuse_2_patches(),0,1,
6883,pflotranModelStepperRunTillPauseTime(),0,1,
6885,hist_addfld2d(),0,1,
6902,GoveqnBaseClean(),0,1,
6905,get_current_data_2d_interface(),0,1,
6906,t_startf(),0,1,
6907,GoveqnBaseIFunction(),0,1,
6912,temperature_vars%UpdateAccVars(),0,1,
6917,shr_assert_all(),0,1,
6924,DMDestroy(),0,1,
6934,hist_set_snow_field_2d(),0,1,
6947,DMCompositeGetLocalISs(),0,1,
6953,allocFiltersOneGroup(),0,1,
6958,init_top_pp(),0,1,
6959,AAssign(),0,1,
6966,ch4_aere(),0,1,
6969,pflotranModelSetSoilHbcsFromCLM(),0,1,
6976,vsfm_soe%SetDtime(),0,1,
6978,this%CreateFromCLMCols(),0,1,
6979,subgridRest_write_only(),0,1,
6980,add_landunit(),0,1,
6982,array_normalization(),0,1,
6987,calc_pscal(),0,1,
6989,vsfm_soe%aux_vars_in(),0,1,
